K,D,alpha,gamma,pwm
9.7483,0.086966,0.025888,0.093062,40
9.6102,0.04116,0.075133,0.25357,80
8.847,0.013476,0.098146,0.53637,180
8.8487,0.014824,0.097663,0.44373,140
8.4093,0.0018208,0.093104,0.48894,160
8.4128,0.01345,0.087211,0.3644,120
8.8422,0.00011065,0.068608,0.32081,80
8.7143,0.037766,0.067975,0.25182,80
